Audience_ID,Audience_Name,Presentation_Types,Key_Characteristics,Attention_Span,Information_Preference,Decision_Making_Style,Motivation_Factors,Pain_Points,Communication_Style,Visual_Preference,Data_Tolerance,Engagement_Strategies,Demo_Expectation,Tone_Adjustment,Talking_Speed,Slide_Density,Content_Ratio
1,Senior Executives,Board Presentation,Executive Summary,Annual Review,Short (5-10 min per topic),Bottom-line focused,ROI and strategic impact,Time constraints,No fluff,Bottom-line first,Charts and graphs,Low (sparse data),Strategic_overview + Recommendations,Low,Authoritative + Confident,Fast,Low,30% storytelling; 70% data
2,Middle Managers,Quarterly Review,Training Workshop,Operational focus,Medium (10-15 min per topic),Practical examples,Team enablement,Team performance,Efficiency,Actionable insights,Flowcharts and processes,Medium (some data),Team_recognition + Action items,Medium,Supportive + Clear,Medium,Medium,40% context; 60% action
3,Investors (VC/Angel),Investor Pitch,Investor Update,Market-savvy,Short (3-5 min per topic),Numbers and traction,Market size and growth,Exponential growth,Clear ask,Market metrics,Financial models,High (detailed data),Story + Traction + Ask,Medium,Clearly + Confidently,Fast,Low,40% story; 60% numbers
4,Technical Teams,Technical Workshop,Design Review,Deep dive lovers,Medium-Long (15-20 min per topic),Technical accuracy,Innovation and impact,Technical elegance,Real solutions,Architecture diagrams,Code snippets,Very High (detailed data),Technical_depth + Code examples,High,Respectful + Technical,Medium,High,30% context; 70% technical
5,General Employees,All-Hands Meeting,Company Meeting,Varied backgrounds,Short (5-10 min per topic),Personal impact,Recognition and growth,Belonging,How it affects me,Clear messaging,Simple graphics,Low (avoid jargon),Stories + Recognition + Fun,Low,Friendly + Inclusive,Medium,Low,50% storytelling; 50% information
6,Customers (Prospects),Product Demo,Customer Webinar,Solution-focused,Medium (10-15 min per topic),Value and ROI,Problem solving,Quick results,How it helps me,Demo-driven,ROI calculators,Medium (value metrics),Demo + Value + CTA,High,Professional + Value-driven,Medium,Medium,20% problem; 60% solution; 20% CTA
7,Customers (Existing),Customer Success Story,Quarterly Business Review,Relationship-focused,Medium (10-15 min per topic),Partnership value,Continued success,Using product fully,Getting more value,Success stories,Metrics and usage,Medium (usage data),Partnership_acknowledge + Value_continuation,Medium,Warm + Professional,Medium,Medium,30% recap; 50% value; 20% next steps
8,Partners/Resellers,Partner Enablement,Sales Enablement,Business-focused,Medium (10-15 min per topic),Business enablement,Earning potential,Compensation,How to sell more,Enablement content,Competitive positioning,Medium (sales data),Enablement + Compensation + Support,Medium,Supportive + Enabling,Medium,Medium,20% context; 60% enablement; 20% support
9,External Guests,Company Meeting,Event Presentation,Varied familiarity,Short (5-10 min per topic),Brand impression,Unique perspective,Positive experience,Company tour,Clean branding,Visual tour,Low (intro level),Hospitality + Brand_story,Low,Welcoming + Professional,Medium,Low,40% welcome; 60% content
10,Students/Trainees,Training Workshop,Education Session,Learning-focused,Medium-Long (15-20 min per topic),Practical skills,Career advancement,Employability,Real examples,Interactive exercises,Skill building,High (step-by-step),Interactive + Hands_on + Assessment,Medium,Encouraging + Educational,Medium,High,20% theory; 80% practice
11,Leadership Team,Strategic Planning,Annual Kickoff,Strategic focus,Medium (10-15 min per topic),Strategic alignment,Vision and execution,Organizational health,Big picture,Strategic frameworks,High-level metrics,Medium (strategic),Vision + Alignment + Commitment,Medium,Inspirational + Strategic,Medium,Medium,30% vision; 50% strategy; 20% actions
12,Board of Directors,Executive Briefing,Board Presentation,Fiduciary focus,Short (5-8 min per topic),Governance and risk,Compliance and oversight,Accountability,Governance status,Compliance metrics,Very High (financial/legal),Transparency + Compliance + Oversight,Low,Formal + Transparent,Fast,Low,20% context; 60% metrics; 20% governance
13,HR/L&D,Training Workshop,Change Management,People-focused,Medium (10-15 min per topic),Employee impact,Adoption and culture,Employee experience,Change journey,People metrics,Employee stories,Medium (engagement data),Empathy + Support + Resources,Low,Empathetic + Supportive,Medium,Medium,30% context; 50% support; 20% tools
14,Marketing Team,Creative Review,Strategy Presentation,Creative appreciation,Medium (10-15 min per topic),Creative impact,Brand alignment,Creative excellence,Campaign results,Creative assets,High (creative brief),Creative_alignment + Impact_metrics,Medium,Creative + Collaborative,Medium,Medium,40% creative; 40% impact; 20% next steps
15,Engineering Team,Technical Deep Dive,Architecture Review,Solution-focused,Medium-Long (15-25 min per topic),Technical feasibility,Solution quality,Technical excellence,Technical diagrams,Code samples,Very High (detailed),Technical_depth + Trade_offs + Decision_basis,High,Respectful + Technical,Medium,High,20% context; 60% solution; 20% trade-offs
16,Product Team,Product Strategy,Product Review,User-focused,Medium (10-15 min per topic),User value,Roadmap impact,User outcomes,User journeys,Feature specs,User metrics,High (user data),User_stories + Metrics + Roadmap,Medium,User-centric + Data-driven,Medium,Medium,30% users; 40% data; 30% roadmap
17,Legal/Compliance,Compliance Training,Policy Review,Risk-focused,Short (5-10 min per topic),Risk mitigation,Legal compliance,Policy adherence,Policy document,Liability,Very High (legal),Clear + Authoritative + Documented,Low,Formal + Authoritative,Fast,Low,10% context; 80% requirements; 10% consequences
18,Finance Team,Financial Review,Budget Presentation,Detail-oriented,Short-Medium (8-12 min per topic),Financial accuracy,Budget alignment,Cost efficiency,Budget templates,Financial models,Very High (detailed),Accurate + Transparent + Justified,Low,Professional + Precise,Medium,High,20% context; 70% numbers; 10% next steps
19,External Auditors,Audit Review,Audit Presentation,Evidence-focused,Short (5-10 min per topic),Audit findings,Compliance status,Control effectiveness,Audit evidence,Finding summaries,Very High (evidence-based),Clear + Evidence-based + Objective,Low,Professional + Objective,Medium,High,30% scope; 50% findings; 20% actions
20,C-Suite (Mixed),Executive Briefing,Strategic Presentation,Strategic vision,Short-Medium (8-15 min per topic),Strategic impact,Leadership alignment,Competitive advantage,Executive summary,Strategic metrics,High (strategic),Strategic_vision + Competitive_edge + Alignment,Medium,Visionary + Authoritative,Medium,Low,40% vision; 40% strategy; 20% actions
